{
    "ARR04": {
        "north_km": 0.4516462090295088,
        "east_km": 0.8503708178816254
    }
}